,Name,Age,Gender,CNIC,Machine Learning,Deep Learning,Nlp,EDA
0,std1,39,Male,38487-3900737-2,65,83,69,50
1,std2,32,Male,94947-2370485-7,28,64,84,55
2,std3,31,Female,34361-8045900-4,22,78,62,53
3,std4,24,Male,22223-2681076-9,45,56,67,52
4,std5,37,Female,73930-9501598-6,91,58,90,52
5,std6,19,Female,15056-6312399-3,67,42,79,58
6,std7,24,Female,29380-1981883-3,85,30,93,55
7,std8,23,Female,27035-2668321-7,89,90,44,58
8,std9,34,Male,31620-4293705-7,47,31,59,54
9,std10,19,Female,20877-7154512-1,45,57,79,51
10,std11,20,Female,56316-4759505-1,44,46,95,57
11,std12,22,Male,65041-9415414-2,31,24,83,54
12,std13,22,Female,54352-6418952-2,24,44,40,51
13,std14,18,Male,31911-5609688-0,67,80,96,53
14,std15,25,Female,33784-5264423-2,56,41,69,58
15,std16,29,Male,4191-9181883-5,98,20,60,53
16,std17,21,Female,34160-9306681-7,63,19,59,53
17,std18,30,Male,91536-8170837-9,34,82,45,51
18,std19,32,Female,65641-2519603-5,62,87,61,55
19,std20,28,Female,50723-2750740-4,67,86,57,60
20,std21,27,Male,None,89,66,47,51
21,std22,20,Male,7172-1885421-2,65,34,78,56
22,std23,39,Male,43080-5278384-3,62,11,71,52
23,std24,31,Male,90097-6495671-6,40,73,72,52
24,std25,33,Female,91353-1978836-0,42,44,92,54
25,std26,27,Female,21281-4223522-6,99,16,55,52
26,std27,27,Male,29671-3217181-0,66,94,51,51
27,std28,29,Female,52431-9568438-1,34,27,77,59
28,std29,26,Male,91900-2556518-3,44,76,91,58
29,std30,18,Male,93961-3659083-0,55,51,73,51
30,std31,22,Female,29602-5113640-8,94,48,53,60
31,std32,37,Female,89789-5500398-5,70,50,75,51
32,std33,25,Female,52399-5877708-0,34,84,72,57
33,std34,28,Female,24472-8880317-0,87,33,62,58
34,std35,29,Female,50230-9281447-5,40,69,89,56
35,std36,18,Female,74616-4895958-3,32,55,84,52
36,std37,39,Female,8099-8076042-3,38,28,41,58
37,std38,37,Male,26431-9839765-5,53,77,80,52
38,std39,28,Male,57492-2265898-6,97,99,60,54
39,std40,22,Male,97722-3120539-8,87,51,41,58
40,std41,32,Male,48684-1880412-9,71,41,66,52
41,std42,22,Male,31111-6947148-4,46,48,96,56
42,std43,29,Female,64936-4231185-8,48,45,48,50
43,std44,22,Male,23614-8319764-3,47,45,40,53
44,std45,34,Male,93260-9706483-9,54,12,50,53
45,std46,34,Male,42991-6923098-1,27,82,42,56
46,std47,29,Male,71476-2228337-2,35,17,91,57
47,std48,32,Male,61920-1484814-0,55,79,62,50
48,std49,32,Male,95294-9359922-5,49,50,65,54
49,std50,23,Male,64530-4690583-5,37,77,43,56
50,std51,29,Female,37224-2599908-0,21,22,57,53
51,std52,37,Female,8788-3164412-2,68,58,94,53
52,std53,35,Male,29082-6309792-4,96,69,45,53
53,std54,31,Female,90570-3353847-2,23,11,74,55
54,std55,19,Female,77816-3892478-9,94,69,61,56
55,std56,26,Female,None,26,14,82,51
56,std57,22,Female,None,93,53,54,54
57,std58,37,Male,89340-1029725-2,58,36,61,53
58,std59,18,Female,95439-1888036-4,32,41,99,52
59,std60,20,Female,45857-3971783-4,50,30,76,56
60,std61,23,Female,11142-3662761-3,90,17,91,60
61,std62,22,Male,49355-7524559-0,82,81,81,55
62,std63,38,Male,10866-3513024-4,75,59,51,56
63,std64,22,Male,71067-3398083-9,61,76,86,54
64,std65,18,Male,65027-7536295-4,80,53,88,55
65,std66,34,Male,58906-4909439-3,61,67,81,54
66,std67,36,Male,29138-6627745-5,75,12,77,56
67,std68,31,Male,93601-4911146-9,55,95,57,51
68,std69,29,Female,30956-2707017-3,87,79,84,60
69,std70,27,Female,77295-1689556-6,26,11,74,54
70,std71,37,Female,6439-8288538-6,73,96,69,55
71,std72,38,Male,48241-3253722-1,20,53,63,55
72,std73,35,Male,43533-2649729-2,63,11,81,54
73,std74,28,Male,29270-2116271-0,64,90,69,59
74,std75,19,Male,79815-4099555-7,66,44,53,56
75,std76,35,Male,40279-6683797-8,32,96,45,59
76,std77,24,Female,24888-2681641-3,41,39,42,57
77,std78,32,Female,18630-1516409-5,40,17,55,56
78,std79,28,Male,62063-1666165-8,28,31,46,54
79,std80,35,Male,36144-3788363-5,45,53,91,50
80,std81,29,Male,53161-5476321-8,28,67,53,54
81,std82,23,Male,None,34,45,48,59
82,std83,37,Female,92074-4235192-7,29,78,54,51
83,std84,30,Male,None,61,86,60,54
84,std85,37,Male,51979-4937270-3,91,40,74,54
85,std86,33,Male,98661-7739013-4,43,56,41,51
86,std87,35,Male,7979-8089975-7,99,64,66,54
87,std88,27,Female,27189-9805586-9,68,89,41,53
88,std89,25,Male,43600-2033316-5,45,71,74,50
89,std90,35,Male,60560-5819075-6,56,39,57,52
90,std91,38,Female,79040-5742297-2,87,64,53,50
91,std92,18,Female,62558-4868452-6,69,25,59,60
92,std93,25,Female,87205-9074037-7,43,21,57,54
93,std94,23,Male,7910-2312743-9,38,26,49,53
94,std95,22,Male,58713-8420105-5,79,25,64,56
95,std96,32,Female,47857-1104195-9,58,21,41,54
96,std97,39,Female,35964-8008443-8,93,17,64,59
97,std98,32,Female,86667-6276728-5,37,93,93,53
98,std99,19,Female,26227-5101036-8,38,12,72,51
99,std100,18,Female,6978-3165251-3,55,25,75,53
